Date,Decile,Return,Cumulative Return
2015-11-30,1,0.01190243963171953,1.0119024396317196
2015-11-30,2,-0.01429180745514308,0.985708192544857
2015-11-30,3,0.047270151137967065,1.0472701511379672
2015-11-30,4,-0.010466209734672948,0.9895337902653271
2015-11-30,5,0.06702957771515591,1.067029577715156
2015-11-30,6,0.03446535111825834,1.0344653511182584
2015-11-30,7,0.06004693860155843,1.0600469386015585
2015-11-30,8,0.04431609218675756,1.0443160921867576
2015-11-30,9,0.10364756609047485,1.1036475660904748
2015-11-30,10,0.0585506649150437,1.0585506649150438
2015-12-31,10,0.08024225681472066,1.1434911592205501
2015-12-31,9,0.049374802416739166,1.1581399466039068
2015-12-31,7,0.10540670660270637,1.1717829952438301
2015-12-31,6,0.05740559201422144,1.0938494470174014
2015-12-31,8,0.027802284101840397,1.0733504648738574
2015-12-31,4,0.03114806943538535,1.0203558574731715
2015-12-31,3,0.019170281436728828,1.0673466146755675
2015-12-31,2,0.024379857712879864,1.0097396180255205
2015-12-31,1,0.012960332710801426,1.0250170319202183
2015-12-31,5,0.06820879075655965,1.1398103749125892
2016-01-31,10,0.3447420212398474,1.5377006127201387
2016-01-31,9,0.18391956120563302,1.3711445373980127
2016-01-31,8,0.1342546939035443,1.2174528029867242
2016-01-31,7,0.19983451684565853,1.4059456839463396
2016-01-31,6,0.1690228288856377,1.278734974927273
2016-01-31,5,0.13886786617587799,1.298093409521828
2016-01-31,3,0.11683588557126977,1.1920510016126842
2016-01-31,2,0.13730112238063316,1.148378000892616
2016-01-31,1,0.18548370365802172,1.215140987313333
2016-01-31,4,0.13803115198226676,1.161196751912047
2016-02-29,7,0.17300843669695432,1.649186148806726
2016-02-29,10,0.33583804731005895,2.054118983843551
2016-02-29,9,0.27504612780440585,1.7482725330694995
2016-02-29,8,0.13184004359617893,1.377961833608784
2016-02-29,6,0.1588889961853592,1.4819118914805778
2016-02-29,2,0.14268453644666917,1.3122337836155316
2016-02-29,4,0.17249286836937916,1.3614949103905623
2016-02-29,3,0.15967206763803563,1.382388249770173
2016-02-29,5,0.15071743387933084,1.4937387171406293
2016-02-29,1,0.16177260536715551,1.4117175107194286
2016-03-31,9,0.139617524966465,1.9923620171035155
2016-03-31,8,0.0621585732720533,1.4636139752092485
2016-03-31,7,0.09290042158511799,1.8023962373032079
2016-03-31,6,0.0831247378299077,1.6050954289469233
2016-03-31,10,0.1933968035645406,2.451379029460136
2016-03-31,4,0.13525480291724354,1.545643636168268
2016-03-31,3,0.08310479222046305,1.4972713380353329
2016-03-31,2,0.08000018538083645,1.4172127295677706
2016-03-31,1,0.10000203548140485,1.5528921353161134
2016-03-31,5,0.06066249727323626,1.5843526379961004
2016-04-30,10,0.14537882006194047,2.8077576202876355
2016-04-30,9,0.10596154865641917,2.203475781920031
2016-04-30,8,0.04599950924447068,1.5309394997922228
2016-04-30,7,0.05812950990938601,1.9071686472401645
2016-04-30,6,0.07646194888665186,1.7278241535932615
2016-04-30,5,0.053258257628172406,1.6687324989643713
2016-04-30,3,0.02984391638608384,1.5419557786549392
2016-04-30,2,0.05620240655213215,1.4968634955657951
2016-04-30,1,0.07759070828551387,1.6733821359862946
2016-04-30,4,0.08598151716525222,1.6785404210028327
2016-05-31,8,0.07781585829978739,1.6500708709736018
2016-05-31,10,0.1531207137959145,3.2376834712719966
2016-05-31,9,0.07616043909493024,2.3712934650061053
2016-05-31,6,0.11067258905847586,1.9190469261091974
2016-05-31,7,0.05105811190859285,2.0045450774595124
2016-05-31,4,0.09603949293344093,1.8397465919042293
2016-05-31,5,0.054634068972217946,1.7599021454089725
2016-05-31,3,0.07082904698533658,1.651171036950601
2016-05-31,2,0.09986851421990228,1.6463530288579604
2016-05-31,1,0.15696701598649096,1.9360479364771634
2016-06-30,9,0.11586160436483084,2.6460353302815514
2016-06-30,8,0.1058681827918662,1.824760875561369
2016-06-30,7,0.06401634070623821,2.132868718099173
2016-06-30,6,0.13966879154263648,2.18707789119248
2016-06-30,10,0.18304633231958126,3.830329555900066
2016-06-30,4,0.12290778825708526,2.0658657764686885
2016-06-30,3,0.11018040751640594,1.8330977346811046
2016-06-30,2,0.15574861313420177,1.9027702298318803
2016-06-30,1,0.2099288400526098,2.3424802340680633
2016-06-30,5,0.0720430944323663,1.886690941862395
2016-07-31,10,0.12155181002207842,4.295913046400783
2016-07-31,9,0.0731554174202405,2.839607149377002
2016-07-31,8,0.07820380238274047,1.9674641144695266
2016-07-31,7,0.05774579861963352,2.256032925576644
2016-07-31,6,0.06778688245810136,2.335333083129457
2016-07-31,5,0.05551738060184654,1.9914350809598258
2016-07-31,3,0.08863454908279694,1.9955735258192608
2016-07-31,2,0.14010642667206832,2.169360567511615
2016-07-31,1,0.18431300938677106,2.774229815438176
2016-07-31,4,0.06364685732534629,2.197351640796907
2016-08-31,7,0.09856792880289493,2.4784054183618696
2016-08-31,9,0.10274789104526429,3.131370795372544
2016-08-31,8,0.1098900506627963,2.1836688456858164
2016-08-31,6,0.11018108594810037,2.5926426182791857
2016-08-31,10,0.1923234556516277,5.122117888663493
2016-08-31,4,0.12107820577994689,2.463403034932219
2016-08-31,1,0.17380326386626266,3.2564000120764303
2016-08-31,5,0.10649572619670494,2.2035144060802363
2016-08-31,3,0.1367474267156155,2.2684630702968525
2016-08-31,2,0.14543882270356004,2.4848698144700316
2016-09-30,10,0.2305440490438313,6.302991686395815
2016-09-30,9,0.0977838941936983,3.4375684259084895
2016-09-30,8,0.10942475705476211,2.42261627861304
2016-09-30,6,0.10312248496011929,2.8600023676896456
2016-09-30,7,0.10491873239680106,2.7384365732217604
2016-09-30,4,0.11351269759911092,2.743030558701212
2016-09-30,3,0.13146684495167957,2.5666907530381797
2016-09-30,2,0.1345184312501291,2.8191306037733397
2016-09-30,1,0.14124300413158544,3.7163437324362367
2016-09-30,5,0.13306795821193623,2.496731568987921
2016-10-31,10,0.2668019805185915,7.984642351518436
2016-10-31,9,0.14575700372586667,3.938618099771555
2016-10-31,8,0.15827837226205999,2.806064039807481
2016-10-31,7,0.14482842766257098,3.135040036375147
2016-10-31,6,0.13491813653724435,3.245868557630439
2016-10-31,5,0.15178889559343972,2.875707696437873
2016-10-31,3,0.14167165260445114,2.9303180737456613
2016-10-31,2,0.12924219916635948,3.183481242742193
2016-10-31,1,0.12993391689290298,4.199222830112068
2016-10-31,4,0.14572862765767405,3.142768637643803
2016-11-30,10,0.1804503968839366,9.425474232826227
2016-11-30,9,0.13532630420336392,4.471616730882116
2016-11-30,8,0.18820043009085652,3.334166498961735
2016-11-30,7,0.1314822205982294,3.547242062022105
2016-11-30,6,0.14078221347800782,3.702829117832321
2016-11-30,5,0.12741004485017193,3.2421017430170065
2016-11-30,3,0.12422036020034184,3.2943232403679192
2016-11-30,2,0.1269551875937004,3.5876407011155544
2016-11-30,1,0.09604069010201687,4.602519088608175
2016-11-30,4,0.13289543995881045,3.5604282584322275
2016-12-31,8,0.13488940284013692,3.783910226976273
2016-12-31,10,0.12743400748295494,10.626600186742603
2016-12-31,9,0.13477578187410158,5.074282372028067
2016-12-31,6,0.10078004319958454,4.0760003962881415
2016-12-31,7,0.1210858030132738,3.9767627155845124
2016-12-31,4,0.12736393527243942,4.013898412681354
2016-12-31,1,0.11519997954422749,5.132729193467753
2016-12-31,2,0.1254896755560457,4.03785256871021
2016-12-31,5,0.1250687599617952,3.6475873876861185
2016-12-31,3,0.11828346889210124,3.6839872208905042
2017-01-31,1,0.11352252474346296,5.715409570334692
2017-01-31,2,0.10050542206884512,4.443678645380199
2017-01-31,3,0.12336220295598858,4.1384520001212675
2017-01-31,4,0.1169263862612635,4.483229048896007
2017-01-31,5,0.13488803267550328,4.139603274423077
2017-01-31,6,0.08848525100709044,4.436666314458697
2017-01-31,7,0.11294681944470597,4.425925415996074
2017-01-31,8,0.12516744965097223,4.257532619795125
2017-01-31,9,0.1234753853033347,5.700831343052152
2017-01-31,10,0.16000798871109423,12.326941109460224
2017-02-28,7,0.08102934473514845,4.784555252300875
2017-02-28,10,0.10567940789004486,13.629644947003433
2017-02-28,9,0.07111418755057868,6.106241332376181
2017-02-28,8,0.09171834064402452,4.64802644692054
2017-02-28,6,0.054057771837505715,4.676502609804853
2017-02-28,2,0.07972181568518918,4.797936775311411
2017-02-28,4,0.09365926587077177,4.903124990346125
2017-02-28,3,0.0767710449353133,4.456165284585214
2017-02-28,1,0.0759917653552797,6.149733633312886
2017-02-28,5,0.08662580965515143,4.498199759721093
2017-03-31,7,0.1062167945259947,5.292755374432786
2017-03-31,9,0.10480708173051058,6.7462186667647535
2017-03-31,8,0.1281322296014741,5.243588438811087
2017-03-31,6,0.102149478062325,5.15420491055352
2017-03-31,10,0.1510593460955431,15.688530200212195
2017-03-31,4,0.09309572331898901,5.359584957845809
2017-03-31,3,0.10204603765951292,4.910899295033011
2017-03-31,2,0.08654417961059986,5.213170277354264
2017-03-31,1,0.07978776587102836,6.640407140616843
2017-03-31,5,0.10256669185410787,4.959565228374628
2017-04-30,10,0.18795492173424047,18.637266666118347
2017-04-30,9,0.14192009884700618,7.703642686795526
2017-04-30,7,0.1050297116278001,5.84865194512595
2017-04-30,8,0.11684440132192093,5.8562723907225145
2017-04-30,6,0.12689274900017197,5.8082361405638405
2017-04-30,2,0.09039370697836226,5.684408063833732
2017-04-30,4,0.10598420709195712,5.927616319945078
2017-04-30,3,0.14840452736530074,5.639698983850973
2017-04-30,1,0.05679288315867275,7.017535007479912
2017-04-30,5,0.10755562374337624,5.492994360008421
2017-05-31,10,0.14436339704833245,21.32780579373484
2017-05-31,9,0.16247247573716075,8.955272586313667
2017-05-31,8,0.13894910536293564,6.669996200175069
2017-05-31,7,0.12341200353924504,6.570445799677646
2017-05-31,6,0.11659301502750702,6.48543590418391
2017-05-31,4,0.127834336363879,6.685369218424955
2017-05-31,3,0.15311656307447905,6.503230309032866
2017-05-31,2,0.12321634834162476,6.38482006794301
2017-05-31,1,0.09132047605735234,7.658379645112113
2017-05-31,5,0.11446392967417755,6.121744080133079
2017-06-30,7,0.14888560741032847,7.548690613519294
2017-06-30,10,0.11271925679081789,23.73186021178353
2017-06-30,9,0.16266524546526318,10.411984199774723
2017-06-30,8,0.1306880458610488,7.54168496947657
2017-06-30,6,0.1468636031520324,7.437910389083918
2017-06-30,1,0.09603751621164898,8.39387140443453
2017-06-30,4,0.12119138265330466,7.495578357553718
2017-06-30,3,0.1511467906295926,7.486172698968279
2017-06-30,2,0.12644101176884834,7.192123177295771
2017-06-30,5,0.12286411677520331,6.87388675966246
2017-07-31,6,0.18319470951962372,8.800496222245139
2017-07-31,9,0.21794339183585498,12.681207352014956
2017-07-31,8,0.20301913848087383,9.072791354673857
2017-07-31,7,0.19832579394421979,9.045790672684786
2017-07-31,10,0.21383768536103007,28.806626268782843
2017-07-31,5,0.1778269809868516,8.096249289778727
2017-07-31,3,0.17590703058269708,8.803043108873043
2017-07-31,2,0.15462361040147776,8.30419522942139
2017-07-31,1,0.14039961986191565,9.572367758786942
2017-07-31,4,0.1712199167630717,8.778970660025147
2017-08-31,9,0.17945393925631234,14.956899965860151
2017-08-31,8,0.15902160485196623,10.515561196381137
2017-08-31,7,0.12497421734083869,10.176281282232626
2017-08-31,6,0.13373529514876803,9.977433181982711
2017-08-31,10,0.18519956101541224,34.14160080809647
2017-08-31,4,0.12658058010509268,9.890217858896719
2017-08-31,3,0.1293042302167662,9.94131382163088
2017-08-31,2,0.12275670967632528,9.323590912294998
2017-08-31,1,0.08582944303498923,10.393958752049715
2017-08-31,5,0.11338913377173833,9.014275983546788
2017-09-30,10,0.12007735742334247,38.24123401133535
2017-09-30,9,0.11329662740823099,16.651466288474392
2017-09-30,8,0.12742168392230252,11.855471711412044
2017-09-30,7,0.08798121768354078,11.071602900933676
2017-09-30,6,0.06675568403067357,10.643483558916307
2017-09-30,5,0.051459775218877464,9.478148599421031
2017-09-30,3,0.04345786448971887,10.373342090541083
2017-09-30,2,0.03739874661421597,9.672281526358526
2017-09-30,1,0.018278834765979798,10.58394820664284
2017-09-30,4,0.061732996603974764,10.500770644392562
2017-10-31,7,0.058409342430050006,11.718287946023846
2017-10-31,9,0.056259641091601996,17.58827180551287
2017-10-31,8,0.0866150826536745,12.882334373594297
2017-10-31,6,0.042102797042038086,11.091603987017628
2017-10-31,10,0.0862023847742861,41.537719579824
2017-10-31,4,0.032267393445751226,10.83960314225877
2017-10-31,1,0.01632049031816148,10.756683430877276
2017-10-31,5,0.026685189278355188,9.731074788804959
2017-10-31,3,0.023378716371229364,10.615857513097579
2017-10-31,2,0.020480263406634374,9.870372399761472
2017-11-30,10,0.1516262007929128,47.8359261893141
2017-11-30,9,0.07819640740464795,18.963611473160437
2017-11-30,8,0.1069282706183144,14.259820109689601
2017-11-30,6,0.03420759792877838,11.471021116590762
2017-11-30,7,0.02870534664861514,12.054665463642749
2017-11-30,4,0.029714635556821495,11.161697999211565
2017-11-30,3,-0.0009839495790034292,10.605412044566807
2017-11-30,2,0.005607592482008615,9.925721425825
2017-11-30,1,-0.015641423501801855,10.58843358986011
2017-11-30,5,-0.007462646660022119,9.658455216033857
2017-12-31,10,0.11289204893918608,53.23622190972944
2017-12-31,9,0.060560776650854437,20.112062512080087
2017-12-31,8,0.10758017224519995,15.793894013275573
2017-12-31,7,0.042052642433950356,12.56159600004621
2017-12-31,6,0.04460419612671945,11.982676792248917
2017-12-31,5,-0.009277518051705453,9.568848723415515
2017-12-31,3,-0.0050053153152962255,10.552328613235108
2017-12-31,2,-0.018331849610074755,9.743764593375278
2017-12-31,1,-0.017270496622037827,10.405566083313758
2017-12-31,4,0.03341384520804045,11.534653248416115
2018-01-31,10,-0.0038819553266212226,53.029561274517775
2018-01-31,9,0.022069097777758038,20.555917586171564
2018-01-31,8,0.047121394856144506,16.538124329391227
2018-01-31,7,0.019701870319055074,12.80908293543948
2018-01-31,6,0.008922099773075605,12.08958743013788
2018-01-31,5,-0.0005479431841336393,9.563605537977514
2018-01-31,3,-0.001359918182155577,10.53797830968989
2018-01-31,2,-0.015207478489250416,9.595586502917204
2018-01-31,1,-0.03494395135525858,10.041954488274513
2018-01-31,4,0.0008779544257558155,11.54478014828512
2018-02-28,7,0.117669189029257,14.316317336661138
2018-02-28,10,0.09551420420229245,58.09463761885005
2018-02-28,9,0.08496697155444466,22.30249165099131
2018-02-28,6,0.06682931186932368,12.89752623887802
2018-02-28,8,0.10371560072248791,18.25338582903723
2018-02-28,4,0.07776860125771722,12.442601552245115
2018-02-28,1,0.06822116159501931,10.727028288148917
2018-02-28,2,0.038909370951966275,9.968944737660891
2018-02-28,5,0.0627158318386238,10.163395014668243
2018-02-28,3,0.0704937688751472,11.280840117064484
2018-03-31,1,0.17008399932806453,12.551524160302566
2018-03-31,2,0.07147709779752195,10.68149597561277
2018-03-31,3,0.10829393879754799,12.502486726286788
2018-03-31,4,0.13409392061600608,14.111078777048466
2018-03-31,5,0.09477981292714881,11.126679692863217
2018-03-31,6,0.11328887515605823,14.358672478776256
2018-03-31,7,0.16032852103689385,16.611631321942863
2018-03-31,8,0.1316887419529347,20.65715124524467
2018-03-31,9,0.17022957515283124,26.099035329589128
2018-03-31,10,0.17326633166456717,68.16048236845057
2018-04-30,10,0.03325888729484586,70.4274241695052
2018-04-30,9,0.051273314007247356,27.437219363329397
2018-04-30,8,0.032563302455613556,21.329816309114925
2018-04-30,6,0.042984777106217044,14.975876814817626
2018-04-30,7,0.04998653401649336,17.441989196086606
2018-04-30,4,0.04558974833093867,14.754399307172156
2018-04-30,3,0.08283583706273406,13.538140679624476
2018-04-30,2,0.05652343231308929,11.285250790392853
2018-04-30,1,0.07967387882101584,13.551552775269565
2018-04-30,5,0.05782532204282922,11.770083529370442
2018-05-31,10,-0.006405885191145187,69.97627417596728
2018-05-31,9,0.030971263372722446,28.28698471044623
2018-05-31,8,0.056928869936971015,22.544098647556012
2018-05-31,7,0.05130081348015677,18.33677743055795
2018-05-31,6,0.04596052450834099,15.664175968198947
2018-05-31,5,0.05959601431591765,12.47153359588635
2018-05-31,3,0.08595768534907877,14.701847916375202
2018-05-31,2,0.10072552476491962,12.421963598358898
2018-05-31,1,0.08880845557740184,14.755045247916907
2018-05-31,4,0.07046498989464693,15.794067905253629
2018-06-30,7,-0.036217764074318974,17.672660351694706
2018-06-30,10,-0.06640850272827072,65.32925458143833
2018-06-30,9,-0.03873475150001588,27.191295387002345
2018-06-30,8,-0.03708611758297598,21.70802555431054
2018-06-30,6,-0.03974834349035396,15.041550921321628
2018-06-30,2,-0.01323716013741204,12.257532076986319
2018-06-30,4,-0.03148280674453681,15.296826317682436
2018-06-30,3,-0.021693216164668433,14.382917551505194
2018-06-30,5,-0.036874707927561694,12.011649437129268
2018-06-30,1,-0.043147424148746505,14.11840305227109
2018-07-31,9,0.015267311628478246,27.606433367257715
2018-07-31,8,-0.010799895233995266,21.473581152587094
2018-07-31,7,-0.007879705769887703,17.533404987952192
2018-07-31,6,-0.0066788087000593755,14.941091280165919
2018-07-31,10,0.022079568735176535,66.77169634838704
2018-07-31,4,0.003506090979667014,15.350458382452395
2018-07-31,3,-0.011136563947393312,14.222741270442771
2018-07-31,2,-0.010213262359304245,12.13234268600647
2018-07-31,1,-0.02124841224112049,13.81840940403014
2018-07-31,5,-0.01488322726056142,11.832877328782278
2018-08-31,10,-0.0139202898316199,65.84221498266858
2018-08-31,9,0.026822721307471847,28.34691303576096
2018-08-31,8,0.006756974277496785,21.618677588080867
2018-08-31,7,0.007470121905205025,17.664381660625526
2018-08-31,6,-0.004895092704457185,14.86795325324375
2018-08-31,5,0.008953380326332888,11.938821579861708
2018-08-31,3,0.013282279129104893,14.411651689977834
2018-08-31,2,-0.023267885772282133,11.85004872223829
2018-08-31,1,-0.0023310410562070692,13.786198124377869
2018-08-31,4,0.01139921422373607,15.525441545986514
2018-09-30,8,0.025306943650478923,22.165780243600302
2018-09-30,10,-0.009113249592965913,65.2421784437778
2018-09-30,9,0.028613290930514484,29.158011505435184
2018-09-30,6,0.011522421987247095,15.039268084714289
2018-09-30,7,0.027943122620611164,18.157979643385662
2018-09-30,4,-0.0014602956617955172,15.50276981104945
2018-09-30,1,-0.007602317666849053,13.681391066818229
2018-09-30,2,-0.035749197019150594,11.426418995780459
2018-09-30,5,0.003976996436650744,11.986302230742627
2018-09-30,3,0.011138074866032242,14.572169745443986
2018-10-31,1,0.09841123628943282,15.027793675863014
2018-10-31,2,0.08078599839973323,12.34951366248826
2018-10-31,3,0.12030090490678698,16.325214952276202
2018-10-31,4,0.10687655545100051,17.159652448404174
2018-10-31,5,0.11261517759780369,13.33614178519866
2018-10-31,6,0.11548964460517779,16.776147810939936
2018-10-31,7,0.10720989752480446,20.104694780210522
2018-10-31,8,0.13213979430575704,25.094761885616258
2018-10-31,9,0.12270541786624524,32.735857491358395
2018-10-31,10,0.13271506589837898,73.90079845529758
2018-11-30,7,0.030757676499751845,20.723068478386487
2018-11-30,10,0.009505465624375625,74.60325995462831
2018-11-30,9,0.03369776894909395,33.83898285345266
2018-11-30,8,0.06364550748655427,26.691930741080544
2018-11-30,6,0.024324117313346893,17.184212798359287
2018-11-30,2,-0.0060593321394177046,12.274683857446966
2018-11-30,4,0.003858100327679639,17.22585610913823
2018-11-30,3,0.010696576508191424,16.499838863025897
2018-11-30,1,-0.028359152219798716,14.601618187481487
2018-11-30,5,0.01293017713077515,13.508580460722408
2018-12-31,7,0.1767694571847175,24.3862740445126
2018-12-31,9,0.16322608597464885,39.362387577985
2018-12-31,8,0.236105249872789,32.99403571829054
2018-12-31,6,0.20562812014631504,20.717770172280154
2018-12-31,10,0.1594775979420006,86.50080865083508
2018-12-31,4,0.1854508206716742,20.42040526135009
2018-12-31,3,0.19988036103298393,19.797832611953574
2018-12-31,2,0.15785289583718784,14.212278249830954
2018-12-31,1,0.19214106571927494,17.40718866725013
2018-12-31,5,0.18428811994945526,15.998051357014887
2019-01-31,10,0.11327754359169878,96.29940777349725
2019-01-31,9,0.11229501553982547,43.78258750273945
2019-01-31,7,0.11722123873381918,27.24486329611275
2019-01-31,8,0.14703208707855062,37.84521765109505
2019-01-31,6,0.13993985514963012,23.617011929212364
2019-01-31,2,0.10175743697953298,15.658483258173712
2019-01-31,4,0.0964670260268875,22.39030102717634
2019-01-31,3,0.10804387147504775,21.936867094163997
2019-01-31,1,0.10121115819854475,19.168990393243096
2019-01-31,5,0.10800175213258519,17.725868934279575
2019-02-28,10,0.10002295024083578,105.93155864544772
2019-02-28,9,0.07943832999725091,47.260603136915584
2019-02-28,8,0.09301346353758479,41.365332423157135
2019-02-28,7,0.046073074385971545,28.50011790939018
2019-02-28,6,0.09749403730590749,25.919529771293053
2019-02-28,4,0.041301640574981445,23.315057192566414
2019-02-28,3,0.045955390930186225,22.94498439725984
2019-02-28,2,0.060204144196535685,16.60118884214784
2019-02-28,1,0.03135193812333478,19.76997539393885
2019-02-28,5,0.04908690958362113,18.595977059947675
2019-03-31,7,0.056160610651511324,30.100701934821608
2019-03-31,10,0.045173131364719295,110.71681885980799
2019-03-31,9,0.06615303314845147,50.38703538284777
2019-03-31,8,0.07020207665266084,44.2692646606904
2019-03-31,6,0.08452694985084629,28.11042856442866
2019-03-31,1,0.032631450898290955,20.415098375266588
2019-03-31,4,0.06895467887620899,24.92273947426028
2019-03-31,3,0.04389611261390953,23.952180016286356
2019-03-31,2,0.09244736801360358,18.13592505650121
2019-03-31,5,0.06295229723093955,19.766636535125233
2019-04-30,6,0.06243297972407214,29.86544638102661
2019-04-30,9,0.05515328687990434,53.16604600034586
2019-04-30,8,0.055040511022745625,46.705867610215975
2019-04-30,7,0.026551004781240884,30.899905815811763
2019-04-30,10,0.04945673580531202,116.1925113193621
2019-04-30,5,0.05310466444516319,20.81633713553256
2019-04-30,3,0.02594963710637506,24.573730395615552
2019-04-30,1,0.0785192566432718,22.018076723991786
2019-04-30,4,0.03275507159901211,25.7390855901832
2019-04-30,2,0.03889258668154935,18.841278093811265
2019-05-31,1,0.2590860260395702,27.722652723445176
2019-05-31,2,0.20483991540120114,22.700723904598068
2019-05-31,3,0.16347323106491132,28.59087750270485
2019-05-31,4,0.15240069236520648,29.661740054974434
2019-05-31,5,0.1590429285937497,24.127028356162487
2019-05-31,6,0.15982617018037884,34.63872629683355
2019-05-31,7,0.12196137884617146,34.668500935325
2019-05-31,8,0.1415310102870731,53.31619623942412
2019-05-31,9,0.148220172971943,61.0463265347514
2019-05-31,10,0.15874364473363264,134.6373340569515
2019-06-30,7,0.09864365278011433,38.08832850399627
2019-06-30,10,0.12347137312746097,151.26119056718397
2019-06-30,9,0.10956648056112421,67.73495768434928
2019-06-30,8,0.0776128272763277,57.45421696918534
2019-06-30,6,0.11145941645756301,38.499538516711866
2019-06-30,2,0.15682262442456144,26.260711003654514
2019-06-30,4,0.0902705946248998,32.339322967346185
2019-06-30,3,0.11852823257352157,31.979703680826514
2019-06-30,1,0.21431861148309314,33.66413316176193
2019-06-30,5,0.11987842746672546,27.019338574944342
2019-07-31,7,0.11098182091869208,42.3154405571191
2019-07-31,9,0.10866480328480023,75.09536353662337
2019-07-31,8,0.06083189605871967,60.949265923989955
2019-07-31,6,0.07683226213933207,41.45754515227118
2019-07-31,10,0.1414193559933923,172.65245072398892
2019-07-31,4,0.04443154112586736,33.776208925752535
2019-07-31,3,0.07565073583688639,34.39899179612662
2019-07-31,2,0.11005970348894434,29.15095707012559
2019-07-31,1,0.24002760638900159,41.74445446574026
2019-07-31,5,0.08745509733676238,29.38231745999104
2019-08-31,10,0.07239251939472076,185.15119661157138
2019-08-31,9,0.012003102217892662,75.99674086124325
2019-08-31,7,0.011057918855188758,42.783361265121286
2019-08-31,8,0.0005047383628093323,60.98002935668686
2019-08-31,6,0.003864876360892317,41.617773438510824
2019-08-31,2,0.04865110126871228,30.569183234624155
2019-08-31,4,-0.024148844272511464,32.96055251628872
2019-08-31,3,0.005748070098890695,34.596719612301925
2019-08-31,1,0.1762634009356295,49.102473980074166
2019-08-31,5,0.07231658419244123,31.507146294355515
2019-09-30,9,-0.11207280963662893,67.47957258969691
2019-09-30,8,-0.13132925146001792,52.97156774726326
2019-09-30,7,-0.09359729526324435,38.77895436843568
2019-09-30,6,-0.1233251885882979,36.48525368058142
2019-09-30,10,-0.011545246805551567,183.01358035034758
2019-09-30,4,-0.14913872000332282,28.04485790340712
2019-09-30,3,-0.15907989784144919,29.093076990727674
2019-09-30,2,-0.13062832945246255,26.575981895958975
2019-09-30,1,-0.0314198438832294,47.5596819133399
2019-09-30,5,-0.08894365895292407,28.70478541977047
2019-10-31,10,0.044616606296715024,191.17902521179127
2019-10-31,9,-0.011363393223968407,66.71277567177486
2019-10-31,8,-0.02203862684562406,51.804147132253625
2019-10-31,7,-0.029828926877342555,37.622219774199806
2019-10-31,6,-0.021423138353892382,35.70362504310546
2019-10-31,5,-0.026156153740369004,27.953978639246653
2019-10-31,3,-0.08415678038288123,26.64469729975675
2019-10-31,2,-0.019183520761352088,26.06616099550453
2019-10-31,1,0.01727162358430013,48.38111483713616
2019-10-31,4,-0.0776046875641355,25.868445468032633
2019-11-30,7,-0.015834651331595895,37.02648504175468
2019-11-30,9,0.01358544419747324,67.61909836292232
2019-11-30,8,-0.00862927635846923,51.357114830134606
2019-11-30,10,0.08210252340240388,206.87530560329114
2019-11-30,6,0.016505420306183315,36.29292838089629
2019-11-30,4,-0.05896796709971567,24.343035826752896
2019-11-30,3,-0.08201329089963243,24.45947798917915
2019-11-30,2,-0.029742227566533396,25.290895303390336
2019-11-30,1,-0.005763820963257597,48.1022547532121
2019-11-30,5,-0.056366336131829176,26.378315283044902
2019-12-31,9,-0.051758910943094705,64.11920747270347
2019-12-31,8,-0.05985402215110006,48.28318494147514
2019-12-31,7,-0.03179867433739479,35.8490919020535
2019-12-31,6,0.008259695048499278,36.592696901739515
2019-12-31,10,0.08594962727496142,224.65616101228773
2019-12-31,4,-0.07996087188578627,22.396545457698803
2019-12-31,3,-0.056432553543291075,23.07916718791385
2019-12-31,2,-0.0403616644761273,24.27011267285403
2019-12-31,1,0.00022981086365649514,48.11330917392076
2019-12-31,5,-0.039201508376867804,25.344245535508957
2020-01-31,10,0.1984713927021309,269.24398216751064
2020-01-31,9,0.02632718803929039,65.8072859047676
2020-01-31,8,-0.04115905235957242,46.29589480438205
2020-01-31,7,0.02269840555992872,36.66280912900147
2020-01-31,6,0.037072555591658875,37.94928169187798
2020-01-31,5,-0.0316425469938648,24.542289055127565
2020-01-31,3,0.017258684865867926,23.477483261376737
2020-01-31,2,-0.018842245481987232,23.812809251996626
2020-01-31,1,0.005083061952501508,48.35787210519166
2020-01-31,4,-0.006915408943696927,22.24166418693272
2020-02-29,7,0.18509659257126596,43.44897017287034
2020-02-29,9,0.20363764340163057,79.2081265250718
2020-02-29,8,0.13935664182406982,52.74753523456113
2020-02-29,6,0.18531023573652994,44.98167202823186
2020-02-29,10,0.5688603936520341,422.406219851762
2020-02-29,4,0.17882731103910543,26.219081186516668
2020-02-29,1,0.09731299349392646,53.063721398744306
2020-02-29,5,0.12231915356408489,27.544281078875873
2020-02-29,3,0.15802037355159007,27.187403936390695
2020-02-29,2,0.15086241713486837,27.405267214524397
2020-03-31,10,0.626659112532134,687.1109267121207
2020-03-31,9,0.3101331433346971,103.77319178194472
2020-03-31,8,0.30025388822143034,68.58518778283499
2020-03-31,6,0.35206230936828176,60.818023361737815
2020-03-31,7,0.28806506763984907,55.96510070460002
2020-03-31,4,0.3035068461214162,34.176751825637695
2020-03-31,3,0.2619934833875545,34.31032659795021
2020-03-31,2,0.2998985364371458,35.62406674282916
2020-03-31,1,0.2644295388343977,67.09533677705123
2020-03-31,5,0.3141614618514408,36.197632688262495
2020-04-30,10,0.3498964861158466,927.5286255404948
2020-04-30,9,0.13163255509515717,117.43312216658187
2020-04-30,8,0.12024796844604137,76.83241727921116
2020-04-30,7,0.13129133565051013,63.31283352592226
2020-04-30,6,0.16659879822512297,70.95023296423078
2020-04-30,5,0.15067505073717935,41.65171283013223
2020-04-30,3,0.12278748613773904,38.52320534947732
2020-04-30,2,0.13333239918188203,40.37390903026606
2020-04-30,1,0.08661559843445273,72.90683952415667
2020-04-30,4,0.15654081408379764,39.52680837916294
2020-05-31,10,0.49672652258979383,1388.2566943077159
2020-05-31,9,0.19510163330266672,140.3445161051136
2020-05-31,8,0.19661862449104697,91.93910148097181
2020-05-31,7,0.19100749702187414,75.40605938707128
2020-05-31,6,0.2598467377374314,89.38641954169691
2020-05-31,4,0.2457525165840754,49.24062101087875
2020-05-31,3,0.22862220203352226,47.33046538586439
2020-05-31,2,0.24199205456657405,50.14407422738411
2020-05-31,1,0.24291723109660782,90.61716710936953
2020-05-31,5,0.22832534557226838,51.161854555749066
2020-06-30,7,0.24358336914873555,93.77372138680373
2020-06-30,10,0.4548718060471464,2019.7355241045077
2020-06-30,9,0.21240833237807707,170.15486072940894
2020-06-30,8,0.19864803432457132,110.20262326773415
2020-06-30,6,0.2546562029557096,112.14922573799149
2020-06-30,5,0.2862222055061423,65.80551340448004
2020-06-30,4,0.2836282996251081,63.206654620678655
2020-06-30,3,0.25191426725392285,59.25368489233158
2020-06-30,2,0.28662575402105167,64.51665731249567
2020-06-30,1,0.26675070131640377,114.7893599870996
2020-07-31,10,0.33413707410333005,2694.604042591344
2020-07-31,9,0.1390008042065282,193.80652321044658
2020-07-31,8,0.13837956655463626,125.4524145087071
2020-07-31,7,0.16192160892465116,108.95771322860696
2020-07-31,6,0.1475746185851687,128.69960495089757
2020-07-31,5,0.18204965666442408,77.78538452639178
2020-07-31,4,0.1894306437036234,75.17993189182643
2020-07-31,3,0.17798500076931914,69.7999520434782
2020-07-31,2,0.234758399055789,79.66248449560811
2020-07-31,1,0.3054488047182784,149.85163278953536
2020-08-31,10,0.09492798588253727,2950.397377105483
2020-08-31,9,0.051508911788255674,203.789286318482
2020-08-31,8,0.08040182314247124,135.53901735283216
2020-08-31,7,0.1408663993203215,124.30619396929698
2020-08-31,6,0.08383777994877502,139.48949411026518
2020-08-31,4,0.17604615372231983,88.41506973848844
2020-08-31,3,0.18628613484099646,82.80271532174467
2020-08-31,2,0.282766911414316,102.18839919202206
2020-08-31,1,0.426110506151143,213.7049878850595
2020-08-31,5,0.11821279576167769,86.98061230065369
2020-09-30,5,0.16439929391631355,101.28016354728976
2020-09-30,1,0.5701051424543109,335.53930044646813
2020-09-30,2,0.39907665702313455,142.96940392811982
2020-09-30,3,0.2950241408076331,107.23151526608143
2020-09-30,4,0.2887604095698558,113.94584148832172
2020-09-30,6,0.18937007488940738,165.90463005621166
2020-09-30,7,0.25549560638143404,156.06588037445067
2020-09-30,8,0.18854315199510704,161.09397090285466
2020-09-30,9,0.12465523089684231,229.19268685881508
2020-09-30,10,0.1543195676134926,3405.7014246283834
2020-10-31,8,0.28305743946941203,206.6928178205767
2020-10-31,7,0.34940957369438636,210.59679310432657
2020-10-31,10,0.2998184455759311,4426.7935318561995
2020-10-31,9,0.20614154538467486,276.4388215187571
2020-10-31,6,0.2773599948987525,211.91993740228193
2020-10-31,1,0.6001520059843632,536.9138846960059
2020-10-31,4,0.3655830865595533,155.602513920248
2020-10-31,3,0.3686782107899984,146.76543845468072
2020-10-31,2,0.4690255821573058,210.0257118361892
2020-10-31,5,0.25809290308374067,127.41985498200582
2020-11-30,10,0.15413732207311057,5109.127632227081
2020-11-30,9,0.13310871797329374,313.235238649167
2020-11-30,8,0.18770667804164046,245.49044002874314
2020-11-30,7,0.18861352806681145,250.31819725128997
2020-11-30,6,0.1739019664212519,248.7732312404074
2020-11-30,4,0.2304743669930148,191.4649048185389
2020-11-30,3,0.2409855743392989,182.133791933841
2020-11-30,2,0.25037214412538633,262.61029963007644
2020-11-30,1,0.33984973662501106,719.3839270002551
2020-11-30,5,0.14831459923005827,146.31807970761415
2020-12-31,7,0.15304325316061282,288.62770848392734
2020-12-31,10,0.1978721203683225,6120.081550048241
2020-12-31,9,0.17129610641140425,366.89121542061633
2020-12-31,8,0.17590100282049245,288.672454612643
2020-12-31,6,0.17421915749519304,292.114293994468
2020-12-31,1,0.2482643358371239,897.9812998488754
2020-12-31,4,0.15368802458705558,220.89076781784877
2020-12-31,3,0.1766018369769418,214.2989541649334
2020-12-31,2,0.189879711786716,312.4746676360585
2020-12-31,5,0.11950387718857132,163.80365753546045
2021-01-31,7,0.21535735886038943,350.78580947695235
2021-01-31,10,0.20479506482730359,7373.444047838755
2021-01-31,9,0.22463566706657734,449.30806833749375
2021-01-31,8,0.21200091132754498,349.87127806568265
2021-01-31,6,0.2249742536164511,357.83248925657006
2021-01-31,5,0.1866428272204822,194.37643528693445
2021-01-31,4,0.2404759456120984,274.00968408582844
2021-01-31,3,0.2168225174136278,260.7637928860819
2021-01-31,2,0.1968777104928866,373.99396478727135
2021-01-31,1,0.2148641858830964,1090.9253207791487
2021-02-28,9,0.2126141498909775,544.8373213262272
2021-02-28,8,0.1809972592311526,413.1970204792717
2021-02-28,7,0.19054476777413162,417.626210082199
2021-02-28,6,0.24688607956995537,446.17634967188286
2021-02-28,10,0.1747292106084476,8661.800105783179
2021-02-28,4,0.21859922433718107,333.90798848786653
2021-02-28,3,0.20588867976305436,314.45210593340386
2021-02-28,2,0.20940217686847315,452.30911514939703
2021-02-28,1,0.1723521681625736,1278.9486651188863
2021-02-28,5,0.1821987052850306,229.79157013413345
2021-03-31,10,0.09272917538156877,9465.001686912437
2021-03-31,9,0.09295505300826053,595.4827034109853
2021-03-31,8,0.07970347047427552,446.1302570011
2021-03-31,7,0.08885032063033022,454.732432751632
2021-03-31,6,0.1156992931219074,497.7986379366327
2021-03-31,5,0.08809368052267096,250.0347553003327
2021-03-31,3,0.10476065234491962,347.394313682221
2021-03-31,2,0.06691417669512661,482.5750072013202
2021-03-31,1,0.07512696064176856,1375.0321911461153
2021-03-31,4,0.09983211484836269,367.242729143373
2021-04-30,7,0.10204262093412748,501.13452201336037
2021-04-30,9,0.0973852144397993,653.4739141778556
2021-04-30,8,0.10700464574178027,493.86826710619215
2021-04-30,6,0.11872606103215605,556.9003094060215
2021-04-30,10,0.12061642123869713,10606.636317406046
2021-04-30,4,0.11346400721589743,408.91156081288256
2021-04-30,1,0.10677448910971149,1521.850550865149
2021-04-30,5,0.11982611692040546,279.99544912311535
2021-04-30,3,0.0891234320539046,378.3552871935912
2021-04-30,2,0.09444551462996342,528.1520521040072
2021-05-31,10,0.03905428448052125,11020.87090952745
2021-05-31,9,-0.003340195166015548,651.2911837686014
2021-05-31,8,0.023033336722036602,505.2437011987778
2021-05-31,6,0.09687229854143938,610.8485224366216
2021-05-31,7,0.030480176507526834,516.4091906983427
2021-05-31,4,0.06429728276552674,435.2034630645614
2021-05-31,3,0.09797622666659851,415.42511057217644
2021-05-31,2,0.09165232821041895,576.55841732845
2021-05-31,1,0.15131653299802447,1752.131699963197
2021-05-31,5,0.07524343376408368,301.06326815345534
2021-06-30,10,0.07881705416195732,11889.503488915614
2021-06-30,9,0.060148275181109136,690.4652251129455
2021-06-30,8,0.07301868733321046,542.1359330436853
2021-06-30,7,0.09202693559294317,563.9327460303431
2021-06-30,6,0.11224820160711614,679.4151705344965
2021-06-30,5,0.12433367716715248,338.4955713429349
2021-06-30,3,0.10700951488203742,459.8795501243218
2021-06-30,2,0.09633132969840114,632.0990563185053
2021-06-30,1,0.16088910737712572,2034.0306051774417
2021-06-30,4,0.06467274558544817,463.34926590924175
2021-07-31,10,0.08127504482813601,12855.82341796151
2021-07-31,9,0.07203060708667507,740.1998544500686
2021-07-31,8,0.06415523802028143,576.9167928674503
2021-07-31,7,0.020046270564225404,575.237494437294
2021-07-31,6,0.04259554774227381,708.3552318678237
2021-07-31,5,0.016376735517282796,344.0390237885897
2021-07-31,3,0.02715906207869838,472.3694473748721
2021-07-31,2,0.0306762395554743,651.489478392921
2021-07-31,1,0.020165408096969813,2075.0476624125713
2021-07-31,4,0.001805813900271458,464.18598845430125
2021-08-31,8,0.022936995684344926,590.1495308556771
2021-08-31,10,0.0066179155167904,12940.902171240356
2021-08-31,9,-0.021740298601765472,724.1076885893408
2021-08-31,7,-0.024165574991714806,561.3365496274234
2021-08-31,6,-0.032085135494447165,685.6275582751441
2021-08-31,5,-0.03632927667465583,331.54033490649556
2021-08-31,4,-0.030280142456824376,450.1303705974432
2021-08-31,3,-0.013858562420470065,465.8230859029045
2021-08-31,2,-0.016764943007024347,640.5672944179877
2021-08-31,1,-0.03144376037862613,2009.800360941442
2021-09-30,9,0.05620235071691455,764.8042428602532
2021-09-30,8,0.01555857353504824,599.3314157281694
2021-09-30,7,0.0480163995073436,588.2899096524077
2021-09-30,6,0.06430998152046333,729.720253877739
2021-09-30,10,0.022770527556007145,13235.573340730176
2021-09-30,4,0.04846374093074043,471.9453722631359
2021-09-30,3,0.06545810885277281,496.3149841660714
2021-09-30,2,0.06768632878623564,683.9249429176731
2021-09-30,1,0.03407625945354029,2078.2868394907014
2021-09-30,5,0.0504602832127418,348.2699541023246
2021-10-31,10,-0.19302265948695715,10680.807774667766
2021-10-31,9,-0.13765303495708295,659.5266176824855
2021-10-31,8,-0.0985752485066856,540.2521724849014
2021-10-31,7,-0.04672677200270035,560.8010211725905
2021-10-31,6,-0.05006136540584122,693.1894616043222
2021-10-31,5,-0.06873096137246514,324.33302533972756
2021-10-31,3,-0.052414770736614734,470.3007480578602
2021-10-31,2,-0.018627196447481908,671.1853386506127
2021-10-31,1,-0.11721435456207395,1834.6817890049463
2021-10-31,4,-0.031214421912917855,457.2138702934653
2021-11-30,7,-0.04198702435093691,537.2546550405866
2021-11-30,9,-0.11357192186923824,584.6229121883673
2021-11-30,8,-0.057784421868262936,509.0340130347883
2021-11-30,6,-0.0009225026405983607,692.5499924955573
2021-11-30,10,-0.1985307413265777,8560.3390891963
2021-11-30,4,0.05069004492446614,480.39006191873
2021-11-30,1,-0.02687342613422322,1785.3776034683174
2021-11-30,5,-0.01782732703329069,318.55103442929965
2021-11-30,3,0.010215007022823632,475.1048735021105
2021-11-30,2,0.013107580778535882,679.9829546943446
2021-12-31,10,-0.2761728164835609,6196.2061328786385
2021-12-31,9,-0.22756474220825681,451.5833498871811
2021-12-31,8,-0.17857198537923266,418.13479870160796
2021-12-31,6,-0.1353836388948666,598.7900543948962
2021-12-31,7,-0.18414775312407072,438.3204174594149
2021-12-31,4,-0.09659639605920171,433.9861132347239
2021-12-31,3,-0.16778056917419867,395.3915074084907
2021-12-31,2,-0.09849773989447379,613.0061704901854
2021-12-31,1,-0.1392632974203717,1536.7400312688387
2021-12-31,5,-0.11049161646518768,283.35381570854867
2022-01-31,10,-0.11562704602392841,5479.7571211785325
2022-01-31,9,-0.06071331968035587,424.16622560315466
2022-01-31,8,-0.10568724160476643,373.94328520787076
2022-01-31,7,-0.09547183231693439,396.473164062641
2022-01-31,6,-0.053027885285271546,567.037484080482
2022-01-31,5,-0.0605483761957455,266.1972022785275
2022-01-31,3,-0.12626377294964594,345.4678838908468
2022-01-31,2,-0.09140861761458724,556.9721238564656
2022-01-31,1,-0.0968519040252791,1387.9038332485848
2022-01-31,4,-0.0304067072924817,420.7900245205938
2022-02-28,10,-0.11125899936455456,4870.084827115417
2022-02-28,9,-0.06202448719349025,397.8575329753207
2022-02-28,8,-0.07988537715601134,344.0706848340821
2022-02-28,7,-0.08196140397876933,363.977666896162
2022-02-28,6,-0.09138876469519458,515.2166288744958
2022-02-28,4,-0.04771270676324838,400.71299347174266
2022-02-28,3,-0.09834680037618833,311.4922228774495
2022-02-28,2,-0.10855352002084856,496.51083925835826
2022-02-28,1,-0.11119889619972766,1233.5704589599713
2022-02-28,5,-0.0714313920996379,247.1823655467434
2022-03-31,7,-0.18316796771337518,297.3086173577362
2022-03-31,10,-0.18833071323393324,3952.8982781150144
2022-03-31,9,-0.15755547379236048,335.17290086553436
2022-03-31,8,-0.16293159657261003,288.0106988202338
2022-03-31,5,-0.1742555556129647,204.1094651006687
2022-03-31,3,-0.20418668538872478,247.88965836373717
2022-03-31,4,-0.18456093181515695,326.7570300061569
2022-03-31,6,-0.18819166282259925,418.2571547727504
2022-03-31,2,-0.2341093902505086,380.27298942681574
2022-03-31,1,-0.2491032703549874,926.2840234197398
2022-04-30,9,0.014851641012320846,340.1507684662475
2022-04-30,8,0.005921817660868012,289.71624566302637
2022-04-30,7,-0.04044838340833198,285.2829644122494
2022-04-30,6,-0.03579845119642413,403.28419643006293
2022-04-30,10,0.02323750998253682,4044.753791312665
2022-04-30,4,-0.03570203606140208,315.09113873756047
2022-04-30,3,-0.02669437731718205,241.2723982903482
2022-04-30,2,-0.07430576558831133,352.01651381490035
2022-04-30,1,-0.04552681935010259,884.1132580186231
2022-04-30,5,-0.030604459335159928,197.86280527607403
2022-05-31,10,0.04739636010404827,4236.460398537934
2022-05-31,9,0.057390559290060685,359.67221131146937
2022-05-31,8,0.05472566342082591,305.57115941072647
2022-05-31,7,0.017572268169095576,290.296033166976
2022-05-31,6,0.004534625861219656,405.1129393766158
2022-05-31,5,0.027648112970027727,203.3333384689135
2022-05-31,3,0.022130826650573768,246.61195591248008
2022-05-31,2,-0.01137351148277777,348.01284995289916
2022-05-31,1,-0.021021741433416077,865.5276577107006
2022-05-31,4,0.028759260412842023,324.1529268502929
2022-06-30,7,0.06448311164013427,309.0152246823702
2022-06-30,10,0.1191722683310645,4741.328993926426
2022-06-30,8,0.07356688356511669,328.0510773159531
2022-06-30,6,0.058658735644497674,428.8763521936741
2022-06-30,9,0.08485784784774048,390.1932210939984
2022-06-30,4,0.043362840396907354,338.2091184814925
2022-06-30,3,0.05072331920986064,259.12093287319686
2022-06-30,2,0.044149680240485135,363.37750599789956
2022-06-30,1,0.04016148766283846,900.2885360576944
2022-06-30,5,0.04703398711890078,212.89691609130347
2022-07-31,10,0.10465055372916916,5237.51169855299
2022-07-31,9,0.04057481219031238,406.02523775782043
2022-07-31,8,0.03178814607906811,338.47921288306827
2022-07-31,7,0.04386214870390188,322.569296419158
2022-07-31,6,0.027466068926617015,440.65589964402164
2022-07-31,5,0.0448072019134475,222.43623119735682
2022-07-31,4,0.018072887384111187,344.321533792088
2022-07-31,3,0.014690162437671376,262.9274614681051
2022-07-31,2,0.06967325662353746,388.69520022451223
2022-07-31,1,0.04002216658685982,936.3200338240356
2022-08-31,9,0.019397059358217755,413.90093339554335
2022-08-31,8,0.024930698069365775,346.91773594221263
2022-08-31,10,0.07721114854650228,5641.905992324009
2022-08-31,7,0.04309413722283109,336.4701419429172
2022-08-31,6,0.01365508844470898,446.6730949273436
2022-08-31,3,0.0383660087434163,273.0149387536747
2022-08-31,4,0.0348923555101306,356.335723158955
2022-08-31,2,0.07945328877880886,419.5783122148873
2022-08-31,1,0.06417412225875352,996.4075501479795
2022-08-31,5,0.05519560119344127,234.71373270549824
2022-09-30,10,0.1734151793738288,6620.298131993157
2022-09-30,1,0.32720591868653237,1322.4379979803462
2022-09-30,2,0.24663111227444293,523.0593780426784
2022-09-30,3,0.17706820476002552,321.3572038314562
2022-09-30,4,0.18396229623267776,421.88806102100807
2022-09-30,5,0.2479143008826126,292.9026236567302
2022-09-30,6,0.13829932774319342,508.4476836767668
2022-09-30,7,0.14837475359068045,386.39381634431885
2022-09-30,8,0.13006670114332355,392.0401814243269
2022-09-30,9,0.11602925458161871,461.92555016806443
2022-10-31,8,0.02939677575083273,403.56489872297357
2022-10-31,7,0.052181792492930985,406.5565382893498
2022-10-31,10,0.041726828645209345,6896.542177727034
2022-10-31,9,0.021638627139811222,471.9209849145034
2022-10-31,6,0.05223920416206836,535.0085860300882
2022-10-31,3,0.09609239363566367,352.23718675968473
2022-10-31,4,0.09281725391144752,461.04655230300324
2022-10-31,5,0.09986414884029572,322.15309486129905
2022-10-31,2,0.13624906442897586,594.3257289417953
2022-10-31,1,0.26660377687092507,1675.0049629195312
2022-11-30,9,-0.07630498555924899,435.9110609754956
2022-11-30,8,-0.041575586983616374,386.78645117258225
2022-11-30,7,-0.05918939747468557,382.49270174860925
2022-11-30,6,-0.04962241568019266,508.460167581631
2022-11-30,10,-0.04086420126767385,6614.7204901253945
2022-11-30,4,0.009353737283169116,465.35906062855645
2022-11-30,3,0.013973958195832761,357.1593344824823
2022-11-30,2,0.027055712251984252,610.4056348479953
2022-11-30,1,0.2395923566987385,2076.323349467505
2022-11-30,5,0.0018619904693870787,322.75294085361435
2022-12-31,10,0.11006916190659775,7342.797230719895
2022-12-31,9,0.027065973555045336,447.70941822421014
2022-12-31,8,0.036429987391468105,400.8770767119901
2022-12-31,7,0.07980031798462274,413.01574097494574
2022-12-31,6,0.07716580378335977,547.6959051048894
2022-12-31,5,0.10274649006468106,355.91467268437685
2022-12-31,3,0.11745799264044914,399.11055296359336
2022-12-31,2,0.15288983740694465,703.7304531121882
2022-12-31,1,0.46285340338197467,3037.356678290001
2022-12-31,4,0.0856801411325359,505.2310906205155
2023-01-31,7,0.0798596803245229,445.99904601820083
2023-01-31,9,0.051409802962093576,470.72607119939033
2023-01-31,8,0.04478713565582946,418.83121272800236
2023-01-31,6,0.06474715559377663,583.15765709079
2023-01-31,10,0.08657048969617509,7978.466782723036
2023-01-31,4,0.05799472145021862,534.5318269890424
2023-01-31,1,0.30397016789508907,3960.6224977470824
2023-01-31,5,0.05909675309499563,376.9480742188917
2023-01-31,3,0.07833608029407331,430.3753092867614
2023-01-31,2,0.10576328190965589,778.1592954131024
2023-02-28,10,0.14387763124290867,9126.389684371457
2023-02-28,9,0.07845668196823892,507.65767686163946
2023-02-28,8,0.06008081421012155,443.9949330053133
2023-02-28,6,0.08437047107361072,632.358943329723
2023-02-28,7,0.06439291936217562,474.71822662405805
2023-02-28,4,0.0595015650625901,566.3373072706561
2023-02-28,3,0.08435460400912441,466.67944807695056
2023-02-28,2,0.12696612598965953,876.9591665545471
2023-02-28,1,0.2547446343382681,4969.569827687582
2023-02-28,5,0.08966560723277926,410.74735218895535
2023-03-31,10,0.08829257700332922,9932.182148341213
2023-03-31,9,0.0408136051817466,528.3770168525532
2023-03-31,8,0.02259595991068804,454.02742471205
2023-03-31,7,0.0011657063956731055,475.27160869697633
2023-03-31,6,0.023901900201160387,647.4735236845014
2023-03-31,5,-0.0008333834466253895,410.40504214489584
2023-03-31,3,-0.0022333783298244254,465.6371763106411
2023-03-31,2,0.042014988146666564,913.8045955424469
2023-03-31,1,0.08441462110685337,5389.074181755879
2023-03-31,4,-0.009892625368437083,560.734744457658
2023-04-30,10,0.06332633341653232,10561.1508266208
2023-04-30,9,0.04564222642317626,552.4933202925398
2023-04-30,8,-0.02390033643335092,443.1760165114641
2023-04-30,7,-0.01601218665744007,467.66147098553853
2023-04-30,6,-0.034276018352773545,625.2807093037565
2023-04-30,5,-0.06389192537675949,384.18347381792836
2023-04-30,3,-0.019515082677121837,456.5502283173974
2023-04-30,2,0.013523576918212621,926.1625022784815
2023-04-30,1,0.032904328043532854,5566.398046483308
2023-04-30,4,-0.04148088684966649,537.4749699701333
2023-05-31,8,0.09350891317165592,484.61692415919504
2023-05-31,10,0.15076048648929596,12153.355063128982
2023-05-31,9,0.14349552573521687,631.7736397531133
2023-05-31,7,0.10767185137196911,518.0154473818899
2023-05-31,6,0.06323232469410763,664.8186621394135
2023-05-31,5,0.06126872324417542,407.7219047502649
2023-05-31,4,0.08238121567999755,581.752811393843
2023-05-31,3,0.1090246185491532,506.3254428082305
2023-05-31,2,0.10532220365217636,1023.707977958465
2023-05-31,1,0.11002287798549994,6178.829179570265
2023-06-30,9,0.13303316184378014,715.8204846190233
2023-06-30,7,0.08226375809440027,560.6293448344762
2023-06-30,6,0.06699396878610826,709.3575028392037
2023-06-30,5,0.07871729675739113,439.81667092098024
2023-06-30,10,0.16053819190227278,14104.432710510042
2023-06-30,3,0.11313594281766208,563.60904915291
2023-06-30,2,0.10636161761070802,1132.5912144551144
2023-06-30,1,0.11683881736704978,6900.7562736242735
2023-06-30,4,0.061223315343003314,617.369647217487
2023-06-30,8,0.06779731815635968,517.4726519503723
2023-07-31,10,0.16656606718905928,16453.75259703242
2023-07-31,1,0.023813754783458166,7065.089191344773
2023-07-31,2,0.05666023175843876,1196.7640951537128
2023-07-31,3,0.06612665111339809,600.8786281105985
2023-07-31,4,0.04267905684941405,643.7184014881848
2023-07-31,5,0.03575260573142564,455.54126295052623
2023-07-31,6,0.054262058447943164,747.8487011187516
2023-07-31,7,0.06666399011397361,598.0031339361252
2023-07-31,8,0.06639463566480087,551.8300601431156
2023-07-31,9,0.12334378786071103,804.1124946202235
2023-08-31,9,0.18462906785838765,952.5750349552382
2023-08-31,10,0.31422269207270054,21623.895032770135
2023-08-31,7,0.10965484686131527,663.5770760104776
2023-08-31,6,0.11640599740950863,834.9027750838853
2023-08-31,8,0.12643661922399563,621.6015873337853
2023-08-31,4,0.06653673481893668,686.549322066074
2023-08-31,3,0.09960590091408071,660.7296852035714
2023-08-31,5,0.08242574310960625,493.0895900663119
2023-08-31,2,0.11256688539651762,1331.480101899548
2023-08-31,1,0.1037789714747273,7798.2968809997465
2023-09-30,10,0.39902269191279105,30252.319838385705
2023-09-30,9,0.2669963562970861,1206.9090983878561
2023-09-30,8,0.22989995018163312,764.5077612946466
2023-09-30,7,0.2028225878407647,798.1654957987306
2023-09-30,6,0.18457084074102834,989.0014822181356
2023-09-30,5,0.17336918345448174,578.5761296660136
2023-09-30,4,0.1762263160340188,807.5373798694312
2023-09-30,3,0.21718494452867118,804.2302252329554
2023-09-30,2,0.2122713277419688,1614.1151509917768
2023-09-30,1,0.2481904413034722,9733.759625310564
2023-10-31,9,0.208324966582755,1458.3383959779292
2023-10-31,8,0.22112626115554468,933.5605041741273
2023-10-31,10,0.3371609517771661,40452.22078856307
2023-10-31,7,0.1857945010514794,946.4602558471624
2023-10-31,6,0.17263562610056546,1159.7383723152507
2023-10-31,3,0.1938332795778176,960.116807325466
2023-10-31,4,0.1684690893990319,943.5824669117144
2023-10-31,2,0.18711896551441728,1916.1467082665054
2023-10-31,1,0.23425529050437296,12013.944314037426
2023-10-31,5,0.1824891300853049,684.1599842568869
2023-11-30,10,0.23496963263848802,49957.264246662744
2023-11-30,1,0.13658175938291503,13654.829965577026
2023-11-30,2,0.11062858058438595,2128.127298793472
2023-11-30,3,0.1376935124930701,1092.3186629297415
2023-11-30,4,0.15044634020360018,1085.5409957388665
2023-11-30,5,0.10692644748082208,757.314780882011
2023-11-30,6,0.12910294040394565,1309.4640062804353
2023-11-30,7,0.13088670842833808,1070.3393233932402
2023-11-30,8,0.16622572073450656,1088.742271829741
2023-11-30,9,0.11714028399441556,1629.1685698427443
2023-12-31,10,0.20013649275984544,59955.53590086665
2023-12-31,7,0.10779449224060217,1185.7160072835643
2023-12-31,9,0.11472912163826855,1816.0816488614767
2023-12-31,8,0.1397347510587165,1240.8774021509714
2023-12-31,6,0.07550313299130787,1408.3326412939577
2023-12-31,3,0.09147837462734858,1192.242198789673
2023-12-31,4,0.12672867968792975,1223.1101728759736
2023-12-31,2,0.0337256290948022,2199.899730739104
2023-12-31,1,0.042099463224688084,14229.690977552205
2023-12-31,5,0.06094798209284458,803.4715885858542
2024-01-31,10,0.12458070559710442,67424.83886784915
2024-01-31,9,0.10757902674339687,2011.453945132538
2024-01-31,8,0.15014409377091997,1427.1878151777426
2024-01-31,7,0.1433068498217502,1355.6372330705954
2024-01-31,6,0.08703061818803502,1530.900701680159
2024-01-31,5,0.13761450003002343,914.0409295374253
2024-01-31,4,0.14537036639294296,1400.9141468458895
2024-01-31,3,0.08668295493818189,1295.589275582757
2024-01-31,2,0.13364316804821372,2493.9013001434905
2024-01-31,1,0.09312452359317068,15554.824170714792
2024-02-29,10,0.10512017515812977,74512.54973964611
2024-02-29,9,0.08829247209644149,2189.05018645643
2024-02-29,8,0.12290279476019574,1602.5931863107849
2024-02-29,7,0.1303600799141286,1532.3582111082465
2024-02-29,6,0.06966407549670321,1637.5494837399617
2024-02-29,4,0.16437233091492232,1631.1856705746382
2024-02-29,3,0.10979257942061187,1437.8353640186697
2024-02-29,2,0.14266035543934277,2849.6821460526003
2024-02-29,1,0.12011102732092975,17423.130081655774
2024-02-29,5,0.1272286199811507,1030.3330956087602
2024-03-31,5,0.11067505623589624,1144.3652689069647
2024-03-31,1,0.1092381918549653,19326.401308229702
2024-03-31,2,0.13187759500646404,3225.4913740068764
2024-03-31,3,0.09346378687403605,1572.2209020412627
2024-03-31,4,0.10660242936697693,1805.074025806496
2024-03-31,6,0.06019683241761895,1736.1247755882146
2024-03-31,7,0.1249190822093401,1723.7789924558347
2024-03-31,8,0.08631853412298167,1740.9266809486103
2024-03-31,9,0.052174698346187605,2303.26321959946
2024-03-31,10,0.09298975141154986,81441.45321697654
2024-04-30,8,0.11417173350218585,1939.69129801272
2024-04-30,7,0.1439533817109647,1971.9228077421715
2024-04-30,10,0.15236723018493295,93850.46186588306
2024-04-30,9,0.15871665447807223,2668.82945219668
2024-04-30,6,0.1043858732803994,1917.351676411728
2024-04-30,1,0.1417770309275118,22066.441104224086
2024-04-30,4,0.13183278501161613,2043.041961780696
2024-04-30,3,0.13574328243534348,1785.6393279978004
2024-04-30,2,0.16418029634597645,3755.0535036527162
2024-04-30,5,0.13068109629992378,1293.912176815284
2024-05-31,10,0.13201973851453466,106240.57530088525
2024-05-31,9,0.2192872269728209,3254.069662032283
2024-05-31,8,0.19044546377907798,2309.096706850994
2024-05-31,7,0.16485477447232072,2297.003697489333
2024-05-31,6,0.1477154977637478,2200.5742336810426
2024-05-31,4,0.1521221135208957,2353.8338230186523
2024-05-31,3,0.15888109591204166,2069.3436613337326
2024-05-31,2,0.21049775605721802,4545.483840046408
2024-05-31,1,0.19301830626227492,26325.668191397664
2024-05-31,5,0.16878907561002224,1512.3104170604877
2024-06-30,7,0.09752344216665661,2521.01540473803
2024-06-30,10,0.08689176981276432,115472.00691470542
2024-06-30,9,0.1393801040350278,3707.62223006357
2024-06-30,8,0.12415007229481938,2595.771229942274
2024-06-30,6,0.0843468532339428,2386.1857455997338
2024-06-30,1,0.10429198925687067,29071.224495594848
2024-06-30,4,0.09604071798124869,2579.8977133899107
2024-06-30,3,0.07888009288282673,2232.5736815462265
2024-06-30,2,0.11786806604374678,5081.251229505781
2024-06-30,5,0.09067475138090163,1649.4387881381952
2024-07-31,7,0.10561538183570462,2787.2734093231306
2024-07-31,9,0.1803236829279595,4376.194325494207
2024-07-31,8,0.13737824064005263,2952.373714615809
2024-07-31,10,0.15916122175475209,133850.67261372312
2024-07-31,6,0.08674362417354768,2593.172145124314
2024-07-31,3,0.08025217687652336,2411.7425795275453
2024-07-31,4,0.10016919683478169,2838.323995256068
2024-07-31,2,0.08900375243714957,5533.5016560076765
2024-07-31,1,0.05369926404482242,30632.327855890104
2024-07-31,5,0.0886911004233351,1795.729329339104
2024-08-31,9,0.10715630814681308,4845.131153147198
2024-08-31,8,0.11255753150787029,3284.6856120216867
2024-08-31,7,0.08296558651022316,3018.521182491974
2024-08-31,6,0.06677221092381451,2766.323982560315
2024-08-31,10,0.09685215865645032,146814.39919398003
2024-08-31,4,0.08884988687324862,3090.5087611441963
2024-08-31,3,0.08124819232771414,2607.692304473937
2024-08-31,2,0.07278104283981536,5936.235677087761
2024-08-31,1,0.046353313461155336,32052.237751039058
2024-08-31,5,0.08118476095259335,1941.51518567706
2024-09-30,10,0.010813031541695217,148401.90792323957
2024-09-30,9,0.011871580478690929,4902.650517561598
2024-09-30,8,0.03563362160407575,3401.7308562088197
2024-09-30,7,0.051144194514245546,3172.9010169947137
2024-09-30,6,0.007446999039198948,2786.924794600555
2024-09-30,5,0.0006994758032658945,1942.8732285711144
2024-09-30,3,0.02601848548598838,2675.5405088498155
2024-09-30,2,0.008495253685898365,5986.665505103903
2024-09-30,1,-0.04568996873849382,30587.772010195313
2024-09-30,4,0.031576696787152664,3188.0968192128857
2024-10-31,7,0.02791178094581288,3261.462335143817
2024-10-31,9,-0.00035166475370393646,4900.926428174843
2024-10-31,10,0.019965925363897557,151364.88934069496
2024-10-31,6,-0.020040643386434128,2731.073028647154
2024-10-31,8,0.009502185590551002,3434.05473413362
2024-10-31,4,0.016728611275910046,3241.4292516114633
2024-10-31,3,-0.02358569718081599,2612.4360206130777
2024-10-31,2,-0.010561739040400467,5923.435906316829
2024-10-31,1,-0.08087125345607739,28114.1005473021
2024-10-31,5,-0.0057555691550431306,1931.6908873445914
2024-11-30,10,0.050988805353207295,159082.8042205974
2024-11-30,9,0.01189991211397047,4959.247021947159
2024-11-30,8,0.0011749536937556268,3438.089589428049
2024-11-30,7,0.004499144427434056,3276.1361252342654
2024-11-30,6,-0.0311183451169542,2646.0865556021063
2024-11-30,5,-0.025737155768199977,1881.974658080991
2024-11-30,4,-0.002612287826173126,3232.961705438077
2024-11-30,3,-0.02486604009865384,2547.4750817693453
2024-11-30,2,-0.018880091772289245,5811.600892798294
2024-11-30,1,-0.11528546738359045,24872.95332563712
2024-12-31,9,0.09740284049787194,5442.291768615424
2024-12-31,8,0.08730805187452173,3738.262493651086
2024-12-31,10,0.11573602329433086,177494.41535559995
2024-12-31,7,0.08741538381064734,3562.5208220375457
2024-12-31,6,0.0662168784211986,2821.3021473463787
2024-12-31,3,0.0773055755058219,2744.409109052265
2024-12-31,4,0.07983062096070442,3491.051045925377
2024-12-31,2,0.06489047579368529,6188.718439854981
2024-12-31,1,-0.0017615940596574428,24829.13727881254
2024-12-31,5,0.08850756777295475,2048.5436576780776
2025-01-31,9,0.03870931091507283,5652.9591327773005
2025-01-31,1,0.006238074464533608,24984.0232860479
2025-01-31,2,0.04247170381504434,6451.563856427205
2025-01-31,3,0.052337955312580085,2888.0458703612803
2025-01-31,4,0.049056036397394365,3662.308173099454
2025-01-31,5,0.03391516441463324,2118.0203526387836
2025-01-31,6,0.02550944608425094,2893.2720023614925
2025-01-31,7,0.034397497848238874,3685.0626243478882
2025-01-31,8,0.03778867331143179,3879.526473776046
2025-01-31,10,0.05394202135945363,187068.82289989546
